id,timestamp,frequency_hz,anomaly_type,confidence_score,severity,description,detection_mode,spectrum_data_id,metadata
6516e19d-604c-4423-b711-4b3c070ef1f7,2025-08-09T06:50:36.925533,144000017.5250721,amplitude,1.0,medium,"Peak at 144.000018 MHz, SNR=49.4 dB, score=1.00",lite,026bc2f2-89cc-453c-b503-b6e77a6a16fb,"{""peak_power"": 888744.3125, ""baseline_power"": 10.09223747253418, ""bin_index"": 4804, ""fft_size"": 409600, ""interp_delta_bins"": -0.49498558095312534, ""freq_bin_hz"": 5.0, ""dc_exclude_hz"": 8000.0, ""edge_exclude_hz"": 20000.0, ""novelty_enabled"": true, ""novelty_freq_tol_hz"": 8000.0, ""novelty_cooldown_s"": 5.0, ""novelty_score_delta"": 0.2, ""min_snr_db"": 10.0, ""min_prominence_db"": 8.0, ""local_window_bins"": 5, ""neighbor_support_db"": 4.0, ""method"": ""periodogram:hann+interp+dc_notch+edge_notch+guards+novelty+prominence""}"
4858e483-f3db-4fef-adf3-9d918dfee466,2025-08-09T06:50:42.113110,144000017.5335818,amplitude,1.0,medium,"Peak at 144.000018 MHz, SNR=49.6 dB, score=1.00",lite,602b7e12-07fd-449f-8be9-67141000cbe2,"{""peak_power"": 911200.5, ""baseline_power"": 10.018330574035645, ""bin_index"": 4804, ""fft_size"": 409600, ""interp_delta_bins"": -0.49328364104364436, ""freq_bin_hz"": 5.0, ""dc_exclude_hz"": 8000.0, ""edge_exclude_hz"": 20000.0, ""novelty_enabled"": true, ""novelty_freq_tol_hz"": 8000.0, ""novelty_cooldown_s"": 5.0, ""novelty_score_delta"": 0.2, ""min_snr_db"": 10.0, ""min_prominence_db"": 8.0, ""local_window_bins"": 5, ""neighbor_support_db"": 4.0, ""method"": ""periodogram:hann+interp+dc_notch+edge_notch+guards+novelty+prominence""}"
7e438701-73d6-433a-9d43-d3986f50b2f7,2025-08-09T06:50:47.156430,145124588.98956725,amplitude,0.8167617105269255,medium,"Peak at 145.124589 MHz, SNR=19.3 dB, score=0.82",lite,bdad6d20-c761-4d6b-8539-ee1674329caa,"{""peak_power"": 873.4805297851562, ""baseline_power"": 10.17957878112793, ""bin_index"": 29718, ""fft_size"": 409600, ""interp_delta_bins"": -0.20208655127204786, ""freq_bin_hz"": 5.0, ""dc_exclude_hz"": 8000.0, ""edge_exclude_hz"": 20000.0, ""novelty_enabled"": true, ""novelty_freq_tol_hz"": 8000.0, ""novelty_cooldown_s"": 5.0, ""novelty_score_delta"": 0.2, ""min_snr_db"": 10.0, ""min_prominence_db"": 8.0, ""local_window_bins"": 5, ""neighbor_support_db"": 4.0, ""method"": ""periodogram:hann+interp+dc_notch+edge_notch+guards+novelty+prominence""}"
0813383b-c490-4202-ba20-8a2c9365c7de,2025-08-09T06:50:52.331242,145124590.07781678,amplitude,0.78966525116187,medium,"Peak at 145.124590 MHz, SNR=18.8 dB, score=0.79",lite,d2187758-989c-43eb-9648-a98a99f48138,"{""peak_power"": 781.156982421875, ""baseline_power"": 10.313541412353516, ""bin_index"": 29718, ""fft_size"": 409600, ""interp_delta_bins"": 0.015563358611625657, ""freq_bin_hz"": 5.0, ""dc_exclude_hz"": 8000.0, ""edge_exclude_hz"": 20000.0, ""novelty_enabled"": true, ""novelty_freq_tol_hz"": 8000.0, ""novelty_cooldown_s"": 5.0, ""novelty_score_delta"": 0.2, ""min_snr_db"": 10.0, ""min_prominence_db"": 8.0, ""local_window_bins"": 5, ""neighbor_support_db"": 4.0, ""method"": ""periodogram:hann+interp+dc_notch+edge_notch+guards+novelty+prominence""}"
beeb6fa6-cea8-44c2-a621-f4803ae1a49b,2025-08-09T06:51:07.478636,144000017.52732322,amplitude,1.0,medium,"Peak at 144.000018 MHz, SNR=49.5 dB, score=1.00",lite,cae08a05-1f6b-419a-882a-a25265848165,"{""peak_power"": 884285.375, ""baseline_power"": 9.860355377197266, ""bin_index"": 4804, ""fft_size"": 409600, ""interp_delta_bins"": -0.49453535399983795, ""freq_bin_hz"": 5.0, ""dc_exclude_hz"": 8000.0, ""edge_exclude_hz"": 20000.0, ""novelty_enabled"": true, ""novelty_freq_tol_hz"": 8000.0, ""novelty_cooldown_s"": 5.0, ""novelty_score_delta"": 0.2, ""min_snr_db"": 10.0, ""min_prominence_db"": 8.0, ""local_window_bins"": 5, ""neighbor_support_db"": 4.0, ""method"": ""periodogram:hann+interp+dc_notch+edge_notch+guards+novelty+prominence""}"
9ce99580-97b0-478d-9892-60ef095af5af,2025-08-09T06:51:12.652977,144000017.5288861,amplitude,1.0,medium,"Peak at 144.000018 MHz, SNR=49.4 dB, score=1.00",lite,9edd74fc-51bb-442f-80ca-a363622b95b9,"{""peak_power"": 877485.75, ""baseline_power"": 9.974282264709473, ""bin_index"": 4804, ""fft_size"": 409600, ""interp_delta_bins"": -0.49422277731752473, ""freq_bin_hz"": 5.0, ""dc_exclude_hz"": 8000.0, ""edge_exclude_hz"": 20000.0, ""novelty_enabled"": true, ""novelty_freq_tol_hz"": 8000.0, ""novelty_cooldown_s"": 5.0, ""novelty_score_delta"": 0.2, ""min_snr_db"": 10.0, ""min_prominence_db"": 8.0, ""local_window_bins"": 5, ""neighbor_support_db"": 4.0, ""method"": ""periodogram:hann+interp+dc_notch+edge_notch+guards+novelty+prominence""}"
fef288bf-af55-489f-bf9e-f12731f01e97,2025-08-09T06:51:17.582774,145124588.61143205,amplitude,0.8223641673676401,medium,"Peak at 145.124589 MHz, SNR=19.4 dB, score=0.82",lite,0cbcbe80-7429-4fcb-809a-05ca3c782c97,"{""peak_power"": 883.9859008789062, ""baseline_power"": 10.039613723754883, ""bin_index"": 29718, ""fft_size"": 409600, ""interp_delta_bins"": -0.2777135908768629, ""freq_bin_hz"": 5.0, ""dc_exclude_hz"": 8000.0, ""edge_exclude_hz"": 20000.0, ""novelty_enabled"": true, ""novelty_freq_tol_hz"": 8000.0, ""novelty_cooldown_s"": 5.0, ""novelty_score_delta"": 0.2, ""min_snr_db"": 10.0, ""min_prominence_db"": 8.0, ""local_window_bins"": 5, ""neighbor_support_db"": 4.0, ""method"": ""periodogram:hann+interp+dc_notch+edge_notch+guards+novelty+prominence""}"
aba484a4-3ed5-4965-a4c2-cc0d9118ab05,2025-08-09T06:51:22.942384,145124588.69311708,amplitude,0.8211488987246076,medium,"Peak at 145.124589 MHz, SNR=19.4 dB, score=0.82",lite,6f0f2059-92a3-494d-98d5-8143600f0f66,"{""peak_power"": 890.5248413085938, ""baseline_power"": 10.170639038085938, ""bin_index"": 29718, ""fft_size"": 409600, ""interp_delta_bins"": -0.26137658309124956, ""freq_bin_hz"": 5.0, ""dc_exclude_hz"": 8000.0, ""edge_exclude_hz"": 20000.0, ""novelty_enabled"": true, ""novelty_freq_tol_hz"": 8000.0, ""novelty_cooldown_s"": 5.0, ""novelty_score_delta"": 0.2, ""min_snr_db"": 10.0, ""min_prominence_db"": 8.0, ""local_window_bins"": 5, ""neighbor_support_db"": 4.0, ""method"": ""periodogram:hann+interp+dc_notch+edge_notch+guards+novelty+prominence""}"
4cf7fc59-5bb7-4020-959a-eeed7bb20f78,2025-08-09T06:51:38.130835,144000017.5210433,amplitude,1.0,medium,"Peak at 144.000018 MHz, SNR=49.4 dB, score=1.00",lite,cda083aa-1997-40c5-bf62-b1f22db74f51,"{""peak_power"": 879217.6875, ""baseline_power"": 10.039137840270996, ""bin_index"": 4804, ""fft_size"": 409600, ""interp_delta_bins"": -0.4957913372998277, ""freq_bin_hz"": 5.0, ""dc_exclude_hz"": 8000.0, ""edge_exclude_hz"": 20000.0, ""novelty_enabled"": true, ""novelty_freq_tol_hz"": 8000.0, ""novelty_cooldown_s"": 5.0, ""novelty_score_delta"": 0.2, ""min_snr_db"": 10.0, ""min_prominence_db"": 8.0, ""local_window_bins"": 5, ""neighbor_support_db"": 4.0, ""method"": ""periodogram:hann+interp+dc_notch+edge_notch+guards+novelty+prominence""}"
a8c4de11-9b00-43ae-a542-7b9ada6e8757,2025-08-09T06:51:43.344068,144000017.5254454,amplitude,1.0,medium,"Peak at 144.000018 MHz, SNR=49.4 dB, score=1.00",lite,b1e3ca54-e708-4ab7-a14b-386f20e33c99,"{""peak_power"": 888658.8125, ""baseline_power"": 10.193572998046875, ""bin_index"": 4804, ""fft_size"": 409600, ""interp_delta_bins"": -0.49491092189819885, ""freq_bin_hz"": 5.0, ""dc_exclude_hz"": 8000.0, ""edge_exclude_hz"": 20000.0, ""novelty_enabled"": true, ""novelty_freq_tol_hz"": 8000.0, ""novelty_cooldown_s"": 5.0, ""novelty_score_delta"": 0.2, ""min_snr_db"": 10.0, ""min_prominence_db"": 8.0, ""local_window_bins"": 5, ""neighbor_support_db"": 4.0, ""method"": ""periodogram:hann+interp+dc_notch+edge_notch+guards+novelty+prominence""}"
a87f808c-581e-4c75-9d76-5979cac05c62,2025-08-09T06:51:48.288925,145124586.9225431,amplitude,0.8328521883912521,medium,"Peak at 145.124587 MHz, SNR=19.7 dB, score=0.83",lite,70e68cbd-2316-42e3-8df9-c889e0c518e7,"{""peak_power"": 939.203369140625, ""baseline_power"": 10.163780212402344, ""bin_index"": 29717, ""fft_size"": 409600, ""interp_delta_bins"": 0.38450862155743076, ""freq_bin_hz"": 5.0, ""dc_exclude_hz"": 8000.0, ""edge_exclude_hz"": 20000.0, ""novelty_enabled"": true, ""novelty_freq_tol_hz"": 8000.0, ""novelty_cooldown_s"": 5.0, ""novelty_score_delta"": 0.2, ""min_snr_db"": 10.0, ""min_prominence_db"": 8.0, ""local_window_bins"": 5, ""neighbor_support_db"": 4.0, ""method"": ""periodogram:hann+interp+dc_notch+edge_notch+guards+novelty+prominence""}"
3d948fcf-5989-4afd-b6e9-db00ecd70d6f,2025-08-09T06:51:51.955136,145930920.59500027,amplitude,0.7758643324598342,medium,"Peak at 145.930921 MHz, SNR=18.5 dB, score=0.78",lite,f747505e-cfad-416f-95c6-3256479848b8,"{""peak_power"": 731.28515625, ""baseline_power"": 10.288642883300781, ""bin_index"": 190984, ""fft_size"": 409600, ""interp_delta_bins"": 0.1190000540074923, ""freq_bin_hz"": 5.0, ""dc_exclude_hz"": 8000.0, ""edge_exclude_hz"": 20000.0, ""novelty_enabled"": true, ""novelty_freq_tol_hz"": 8000.0, ""novelty_cooldown_s"": 5.0, ""novelty_score_delta"": 0.2, ""min_snr_db"": 10.0, ""min_prominence_db"": 8.0, ""local_window_bins"": 5, ""neighbor_support_db"": 4.0, ""method"": ""periodogram:hann+interp+dc_notch+edge_notch+guards+novelty+prominence""}"
7559ad5d-be8d-4b19-b0e9-d44cadfb6a72,2025-08-09T06:51:53.745701,145124586.5967333,amplitude,0.773802612831013,medium,"Peak at 145.124587 MHz, SNR=18.5 dB, score=0.77",lite,94118568-58e9-4903-854e-6b8036a615b0,"{""peak_power"": 710.5972900390625, ""baseline_power"": 10.092954635620117, ""bin_index"": 29717, ""fft_size"": 409600, ""interp_delta_bins"": 0.31934666042630094, ""freq_bin_hz"": 5.0, ""dc_exclude_hz"": 8000.0, ""edge_exclude_hz"": 20000.0, ""novelty_enabled"": true, ""novelty_freq_tol_hz"": 8000.0, ""novelty_cooldown_s"": 5.0, ""novelty_score_delta"": 0.2, ""min_snr_db"": 10.0, ""min_prominence_db"": 8.0, ""local_window_bins"": 5, ""neighbor_support_db"": 4.0, ""method"": ""periodogram:hann+interp+dc_notch+edge_notch+guards+novelty+prominence""}"
89eb228b-4b20-48da-8f94-7d8a6d8ba9a6,2025-08-09T06:52:08.564087,144000017.52528012,amplitude,1.0,medium,"Peak at 144.000018 MHz, SNR=49.4 dB, score=1.00",lite,28368ab2-fe26-43e5-9d39-95f4ab8fed57,"{""peak_power"": 886630.125, ""baseline_power"": 10.175052642822266, ""bin_index"": 4804, ""fft_size"": 409600, ""interp_delta_bins"": -0.49494397371366383, ""freq_bin_hz"": 5.0, ""dc_exclude_hz"": 8000.0, ""edge_exclude_hz"": 20000.0, ""novelty_enabled"": true, ""novelty_freq_tol_hz"": 8000.0, ""novelty_cooldown_s"": 5.0, ""novelty_score_delta"": 0.2, ""min_snr_db"": 10.0, ""min_prominence_db"": 8.0, ""local_window_bins"": 5, ""neighbor_support_db"": 4.0, ""method"": ""periodogram:hann+interp+dc_notch+edge_notch+guards+novelty+prominence""}"
2eeb1d19-6fc6-4cf7-8ccf-ad7fa63e5cb1,2025-08-09T06:52:13.769651,144000017.52619773,amplitude,1.0,medium,"Peak at 144.000018 MHz, SNR=49.4 dB, score=1.00",lite,4a91734e-f2a7-4d7c-b243-406ce1c66be1,"{""peak_power"": 890243.125, ""baseline_power"": 10.189963340759277, ""bin_index"": 4804, ""fft_size"": 409600, ""interp_delta_bins"": -0.49476045234147586, ""freq_bin_hz"": 5.0, ""dc_exclude_hz"": 8000.0, ""edge_exclude_hz"": 20000.0, ""novelty_enabled"": true, ""novelty_freq_tol_hz"": 8000.0, ""novelty_cooldown_s"": 5.0, ""novelty_score_delta"": 0.2, ""min_snr_db"": 10.0, ""min_prominence_db"": 8.0, ""local_window_bins"": 5, ""neighbor_support_db"": 4.0, ""method"": ""periodogram:hann+interp+dc_notch+edge_notch+guards+novelty+prominence""}"
b82c6786-f443-4139-9ee6-1150df32057d,2025-08-09T06:52:18.725309,145124584.31201398,amplitude,0.872490531432644,medium,"Peak at 145.124584 MHz, SNR=20.4 dB, score=0.87",lite,a961c144-0834-440b-ace5-5b42774bd6ea,"{""peak_power"": 1132.876220703125, ""baseline_power"": 10.214130401611328, ""bin_index"": 29717, ""fft_size"": 409600, ""interp_delta_bins"": -0.13759720598296504, ""freq_bin_hz"": 5.0, ""dc_exclude_hz"": 8000.0, ""edge_exclude_hz"": 20000.0, ""novelty_enabled"": true, ""novelty_freq_tol_hz"": 8000.0, ""novelty_cooldown_s"": 5.0, ""novelty_score_delta"": 0.2, ""min_snr_db"": 10.0, ""min_prominence_db"": 8.0, ""local_window_bins"": 5, ""neighbor_support_db"": 4.0, ""method"": ""periodogram:hann+interp+dc_notch+edge_notch+guards+novelty+prominence""}"
fb533b03-6ddd-46ea-80ed-80e1c4fab963,2025-08-09T06:52:20.523231,145930919.2765966,amplitude,0.8173688169854578,medium,"Peak at 145.930919 MHz, SNR=19.3 dB, score=0.82",lite,075be144-9074-4fca-ab80-676c33e8ca6b,"{""peak_power"": 876.4381103515625, ""baseline_power"": 10.185529708862305, ""bin_index"": 190984, ""fft_size"": 409600, ""interp_delta_bins"": -0.1446806788670113, ""freq_bin_hz"": 5.0, ""dc_exclude_hz"": 8000.0, ""edge_exclude_hz"": 20000.0, ""novelty_enabled"": true, ""novelty_freq_tol_hz"": 8000.0, ""novelty_cooldown_s"": 5.0, ""novelty_score_delta"": 0.2, ""min_snr_db"": 10.0, ""min_prominence_db"": 8.0, ""local_window_bins"": 5, ""neighbor_support_db"": 4.0, ""method"": ""periodogram:hann+interp+dc_notch+edge_notch+guards+novelty+prominence""}"
3d353943-df90-4ac3-80e1-42289b5d1b83,2025-08-09T06:52:23.865497,145124583.44408917,amplitude,0.8294728594887631,medium,"Peak at 145.124583 MHz, SNR=19.6 dB, score=0.83",lite,8999836e-be81-4a6e-a0a4-8fcf664d1e32,"{""peak_power"": 922.8709106445312, ""baseline_power"": 10.143672943115234, ""bin_index"": 29717, ""fft_size"": 409600, ""interp_delta_bins"": -0.3111821636485317, ""freq_bin_hz"": 5.0, ""dc_exclude_hz"": 8000.0, ""edge_exclude_hz"": 20000.0, ""novelty_enabled"": true, ""novelty_freq_tol_hz"": 8000.0, ""novelty_cooldown_s"": 5.0, ""novelty_score_delta"": 0.2, ""min_snr_db"": 10.0, ""min_prominence_db"": 8.0, ""local_window_bins"": 5, ""neighbor_support_db"": 4.0, ""method"": ""periodogram:hann+interp+dc_notch+edge_notch+guards+novelty+prominence""}"
9e67732c-18a0-4681-a97a-ff831d857585,2025-08-09T06:52:38.899904,144000017.52672032,amplitude,1.0,medium,"Peak at 144.000018 MHz, SNR=49.4 dB, score=1.00",lite,f040019e-47bf-48bc-ac31-b1224d6b1a78,"{""peak_power"": 884262.375, ""baseline_power"": 10.119144439697266, ""bin_index"": 4804, ""fft_size"": 409600, ""interp_delta_bins"": -0.4946559374322362, ""freq_bin_hz"": 5.0, ""dc_exclude_hz"": 8000.0, ""edge_exclude_hz"": 20000.0, ""novelty_enabled"": true, ""novelty_freq_tol_hz"": 8000.0, ""novelty_cooldown_s"": 5.0, ""novelty_score_delta"": 0.2, ""min_snr_db"": 10.0, ""min_prominence_db"": 8.0, ""local_window_bins"": 5, ""neighbor_support_db"": 4.0, ""method"": ""periodogram:hann+interp+dc_notch+edge_notch+guards+novelty+prominence""}"
525af73a-07dc-48d2-8ac7-73b5a83fcd51,2025-08-09T06:52:44.055744,144000017.51739687,amplitude,1.0,medium,"Peak at 144.000018 MHz, SNR=49.4 dB, score=1.00",lite,bc3cdf2a-dcc8-497e-91b0-471e0e730506,"{""peak_power"": 882748.6875, ""baseline_power"": 10.094584465026855, ""bin_index"": 4804, ""fft_size"": 409600, ""interp_delta_bins"": -0.4965206287705211, ""freq_bin_hz"": 5.0, ""dc_exclude_hz"": 8000.0, ""edge_exclude_hz"": 20000.0, ""novelty_enabled"": true, ""novelty_freq_tol_hz"": 8000.0, ""novelty_cooldown_s"": 5.0, ""novelty_score_delta"": 0.2, ""min_snr_db"": 10.0, ""min_prominence_db"": 8.0, ""local_window_bins"": 5, ""neighbor_support_db"": 4.0, ""method"": ""periodogram:hann+interp+dc_notch+edge_notch+guards+novelty+prominence""}"
5eb1d772-2d65-43ad-a84a-0cdf80560472,2025-08-09T06:52:49.068729,145124581.5202002,amplitude,0.8071131186515789,medium,"Peak at 145.124582 MHz, SNR=19.1 dB, score=0.81",lite,d7e9eafa-080e-433d-aec8-781a917cf481,"{""peak_power"": 844.2247314453125, ""baseline_power"": 10.285652160644531, ""bin_index"": 29716, ""fft_size"": 409600, ""interp_delta_bins"": 0.30404003577699273, ""freq_bin_hz"": 5.0, ""dc_exclude_hz"": 8000.0, ""edge_exclude_hz"": 20000.0, ""novelty_enabled"": true, ""novelty_freq_tol_hz"": 8000.0, ""novelty_cooldown_s"": 5.0, ""novelty_score_delta"": 0.2, ""min_snr_db"": 10.0, ""min_prominence_db"": 8.0, ""local_window_bins"": 5, ""neighbor_support_db"": 4.0, ""method"": ""periodogram:hann+interp+dc_notch+edge_notch+guards+novelty+prominence""}"
63dce538-4ec9-4a6d-8374-85bcf93c6621,2025-08-09T06:52:52.202493,145930918.77351642,amplitude,0.8177443950159073,medium,"Peak at 145.930919 MHz, SNR=19.4 dB, score=0.82",lite,b0c064ad-c09f-4dd0-8c78-c9ede7cb4fbc,"{""peak_power"": 881.0757446289062, ""baseline_power"": 10.221731185913086, ""bin_index"": 190984, ""fft_size"": 409600, ""interp_delta_bins"": -0.24529671584292226, ""freq_bin_hz"": 5.0, ""dc_exclude_hz"": 8000.0, ""edge_exclude_hz"": 20000.0, ""novelty_enabled"": true, ""novelty_freq_tol_hz"": 8000.0, ""novelty_cooldown_s"": 5.0, ""novelty_score_delta"": 0.2, ""min_snr_db"": 10.0, ""min_prominence_db"": 8.0, ""local_window_bins"": 5, ""neighbor_support_db"": 4.0, ""method"": ""periodogram:hann+interp+dc_notch+edge_notch+guards+novelty+prominence""}"
25f0fd11-d5af-4ef0-a175-6a51c7e7a1fa,2025-08-09T06:52:54.513183,145124581.70618877,amplitude,0.8504532871029348,medium,"Peak at 145.124582 MHz, SNR=20.0 dB, score=0.85",lite,c6f4d549-bf6a-46d1-b11c-473c84ee91ea,"{""peak_power"": 1015.7918090820312, ""baseline_power"": 10.136735916137695, ""bin_index"": 29716, ""fft_size"": 409600, ""interp_delta_bins"": 0.34123775139802465, ""freq_bin_hz"": 5.0, ""dc_exclude_hz"": 8000.0, ""edge_exclude_hz"": 20000.0, ""novelty_enabled"": true, ""novelty_freq_tol_hz"": 8000.0, ""novelty_cooldown_s"": 5.0, ""novelty_score_delta"": 0.2, ""min_snr_db"": 10.0, ""min_prominence_db"": 8.0, ""local_window_bins"": 5, ""neighbor_support_db"": 4.0, ""method"": ""periodogram:hann+interp+dc_notch+edge_notch+guards+novelty+prominence""}"
9013567b-8e82-4919-b0c7-8c4ff7b0a6bd,2025-08-09T06:52:57.859492,145813102.0463916,amplitude,1.0,medium,"Peak at 145.813102 MHz, SNR=30.9 dB, score=1.00",lite,ce44b355-1b70-4dff-8078-b1f4b154bf37,"{""peak_power"": 476792.4375, ""baseline_power"": 385.16363525390625, ""bin_index"": 167420, ""fft_size"": 409600, ""interp_delta_bins"": 0.4092783189658289, ""freq_bin_hz"": 5.0, ""dc_exclude_hz"": 8000.0, ""edge_exclude_hz"": 20000.0, ""novelty_enabled"": true, ""novelty_freq_tol_hz"": 8000.0, ""novelty_cooldown_s"": 5.0, ""novelty_score_delta"": 0.2, ""min_snr_db"": 10.0, ""min_prominence_db"": 8.0, ""local_window_bins"": 5, ""neighbor_support_db"": 4.0, ""method"": ""periodogram:hann+interp+dc_notch+edge_notch+guards+novelty+prominence""}"
044f3ff5-3b97-4615-acf0-6d4b88ed3551,2025-08-09T06:52:58.118926,145771500.2072411,amplitude,1.0,medium,"Peak at 145.771500 MHz, SNR=28.2 dB, score=1.00",lite,35a70e8e-c775-45f1-9896-957e17cfc44a,"{""peak_power"": 253492.125, ""baseline_power"": 386.14447021484375, ""bin_index"": 159100, ""fft_size"": 409600, ""interp_delta_bins"": 0.04144821477934633, ""freq_bin_hz"": 5.0, ""dc_exclude_hz"": 8000.0, ""edge_exclude_hz"": 20000.0, ""novelty_enabled"": true, ""novelty_freq_tol_hz"": 8000.0, ""novelty_cooldown_s"": 5.0, ""novelty_score_delta"": 0.2, ""min_snr_db"": 10.0, ""min_prominence_db"": 8.0, ""local_window_bins"": 5, ""neighbor_support_db"": 4.0, ""method"": ""periodogram:hann+interp+dc_notch+edge_notch+guards+novelty+prominence""}"
14947a95-df9d-491b-842a-23fa52f8bb9d,2025-08-09T06:52:58.380558,145787140.96172434,amplitude,1.0,medium,"Peak at 145.787141 MHz, SNR=28.5 dB, score=1.00",lite,06f49ec7-dbac-44ce-ae1f-cbf1f0456c10,"{""peak_power"": 293986.5, ""baseline_power"": 416.04693603515625, ""bin_index"": 162228, ""fft_size"": 409600, ""interp_delta_bins"": 0.1923448700547375, ""freq_bin_hz"": 5.0, ""dc_exclude_hz"": 8000.0, ""edge_exclude_hz"": 20000.0, ""novelty_enabled"": true, ""novelty_freq_tol_hz"": 8000.0, ""novelty_cooldown_s"": 5.0, ""novelty_score_delta"": 0.2, ""min_snr_db"": 10.0, ""min_prominence_db"": 8.0, ""local_window_bins"": 5, ""neighbor_support_db"": 4.0, ""method"": ""periodogram:hann+interp+dc_notch+edge_notch+guards+novelty+prominence""}"
9813e6ec-4a83-4fc2-b4ff-43f654eeb73f,2025-08-09T06:52:59.216940,144488647.95483902,amplitude,1.0,medium,"Peak at 144.488648 MHz, SNR=96.6 dB, score=1.00",lite,7e4ef232-c5a5-4a0a-89c1-b7178281544f,"{""peak_power"": 25728753664.0, ""baseline_power"": 5.5746965408325195, ""bin_index"": 302530, ""fft_size"": 409600, ""interp_delta_bins"": -0.4090321944546468, ""freq_bin_hz"": 5.0, ""dc_exclude_hz"": 8000.0, ""edge_exclude_hz"": 20000.0, ""novelty_enabled"": true, ""novelty_freq_tol_hz"": 8000.0, ""novelty_cooldown_s"": 5.0, ""novelty_score_delta"": 0.2, ""min_snr_db"": 10.0, ""min_prominence_db"": 8.0, ""local_window_bins"": 5, ""neighbor_support_db"": 4.0, ""method"": ""periodogram:hann+interp+dc_notch+edge_notch+guards+novelty+prominence""}"
a67a2a8e-27c7-4a85-b40a-fed4b4971f55,2025-08-09T06:53:09.513574,144000017.5247523,amplitude,1.0,medium,"Peak at 144.000018 MHz, SNR=49.5 dB, score=1.00",lite,6400cb44-624a-4673-988b-f07937617940,"{""peak_power"": 944009.0625, ""baseline_power"": 10.608783721923828, ""bin_index"": 4804, ""fft_size"": 409600, ""interp_delta_bins"": -0.4950495404378445, ""freq_bin_hz"": 5.0, ""dc_exclude_hz"": 8000.0, ""edge_exclude_hz"": 20000.0, ""novelty_enabled"": true, ""novelty_freq_tol_hz"": 8000.0, ""novelty_cooldown_s"": 5.0, ""novelty_score_delta"": 0.2, ""min_snr_db"": 10.0, ""min_prominence_db"": 8.0, ""local_window_bins"": 5, ""neighbor_support_db"": 4.0, ""method"": ""periodogram:hann+interp+dc_notch+edge_notch+guards+novelty+prominence""}"
16344501-e16b-451d-ad6b-387267842d7d,2025-08-09T06:53:14.630648,144000017.53071976,amplitude,1.0,medium,"Peak at 144.000018 MHz, SNR=49.5 dB, score=1.00",lite,9d9ab9e6-bb6c-4b0d-804a-97d158fa00f8,"{""peak_power"": 943644.9375, ""baseline_power"": 10.497761726379395, ""bin_index"": 4804, ""fft_size"": 409600, ""interp_delta_bins"": -0.4938560497384706, ""freq_bin_hz"": 5.0, ""dc_exclude_hz"": 8000.0, ""edge_exclude_hz"": 20000.0, ""novelty_enabled"": true, ""novelty_freq_tol_hz"": 8000.0, ""novelty_cooldown_s"": 5.0, ""novelty_score_delta"": 0.2, ""min_snr_db"": 10.0, ""min_prominence_db"": 8.0, ""local_window_bins"": 5, ""neighbor_support_db"": 4.0, ""method"": ""periodogram:hann+interp+dc_notch+edge_notch+guards+novelty+prominence""}"
2c6a3473-e592-44fb-b58f-a994a7d22e9a,2025-08-09T06:53:20.343300,145124577.97082546,amplitude,0.8020393074171869,medium,"Peak at 145.124578 MHz, SNR=19.0 dB, score=0.80",lite,f050d372-2f4c-43a3-b509-efa9e4beecfe,"{""peak_power"": 834.9144897460938, ""baseline_power"": 10.412700653076172, ""bin_index"": 29716, ""fft_size"": 409600, ""interp_delta_bins"": -0.4058349084026042, ""freq_bin_hz"": 5.0, ""dc_exclude_hz"": 8000.0, ""edge_exclude_hz"": 20000.0, ""novelty_enabled"": true, ""novelty_freq_tol_hz"": 8000.0, ""novelty_cooldown_s"": 5.0, ""novelty_score_delta"": 0.2, ""min_snr_db"": 10.0, ""min_prominence_db"": 8.0, ""local_window_bins"": 5, ""neighbor_support_db"": 4.0, ""method"": ""periodogram:hann+interp+dc_notch+edge_notch+guards+novelty+prominence""}"
95a17998-c529-46e3-88e1-475ed2db8933,2025-08-09T06:53:25.472844,145124577.38468605,amplitude,0.8360779401415683,medium,"Peak at 145.124577 MHz, SNR=19.7 dB, score=0.84",lite,f48ffb1d-c898-4592-968e-720a55740242,"{""peak_power"": 975.5958862304688, ""baseline_power"": 10.401933670043945, ""bin_index"": 29715, ""fft_size"": 409600, ""interp_delta_bins"": 0.4769372095254443, ""freq_bin_hz"": 5.0, ""dc_exclude_hz"": 8000.0, ""edge_exclude_hz"": 20000.0, ""novelty_enabled"": true, ""novelty_freq_tol_hz"": 8000.0, ""novelty_cooldown_s"": 5.0, ""novelty_score_delta"": 0.2, ""min_snr_db"": 10.0, ""min_prominence_db"": 8.0, ""local_window_bins"": 5, ""neighbor_support_db"": 4.0, ""method"": ""periodogram:hann+interp+dc_notch+edge_notch+guards+novelty+prominence""}"
7636ad35-e77e-475c-9416-73cebd594915,2025-08-09T06:53:40.126136,144000017.5284436,amplitude,1.0,medium,"Peak at 144.000018 MHz, SNR=49.3 dB, score=1.00",lite,aa43aa75-18fd-4f84-9d6a-7333b3be376a,"{""peak_power"": 915767.375, ""baseline_power"": 10.661660194396973, ""bin_index"": 4804, ""fft_size"": 409600, ""interp_delta_bins"": -0.49431127733699154, ""freq_bin_hz"": 5.0, ""dc_exclude_hz"": 8000.0, ""edge_exclude_hz"": 20000.0, ""novelty_enabled"": true, ""novelty_freq_tol_hz"": 8000.0, ""novelty_cooldown_s"": 5.0, ""novelty_score_delta"": 0.2, ""min_snr_db"": 10.0, ""min_prominence_db"": 8.0, ""local_window_bins"": 5, ""neighbor_support_db"": 4.0, ""method"": ""periodogram:hann+interp+dc_notch+edge_notch+guards+novelty+prominence""}"
32129a9d-1f90-47a0-9657-2718dc931a6c,2025-08-09T06:53:45.394483,144000017.5347163,amplitude,1.0,medium,"Peak at 144.000018 MHz, SNR=49.3 dB, score=1.00",lite,86dc94ea-9688-440e-831b-2b5054615b78,"{""peak_power"": 913199.875, ""baseline_power"": 10.689376831054688, ""bin_index"": 4804, ""fft_size"": 409600, ""interp_delta_bins"": -0.49305673649086573, ""freq_bin_hz"": 5.0, ""dc_exclude_hz"": 8000.0, ""edge_exclude_hz"": 20000.0, ""novelty_enabled"": true, ""novelty_freq_tol_hz"": 8000.0, ""novelty_cooldown_s"": 5.0, ""novelty_score_delta"": 0.2, ""min_snr_db"": 10.0, ""min_prominence_db"": 8.0, ""local_window_bins"": 5, ""neighbor_support_db"": 4.0, ""method"": ""periodogram:hann+interp+dc_notch+edge_notch+guards+novelty+prominence""}"
fb74dcee-a629-45f5-8f98-321304417164,2025-08-09T06:53:50.409328,145124575.2394557,amplitude,0.8192643134389277,medium,"Peak at 145.124575 MHz, SNR=19.4 dB, score=0.82",lite,f6e17385-cb7c-4619-973b-61451317d1f9,"{""peak_power"": 927.4364013671875, ""baseline_power"": 10.684532165527344, ""bin_index"": 29715, ""fft_size"": 409600, ""interp_delta_bins"": 0.047891142812046136, ""freq_bin_hz"": 5.0, ""dc_exclude_hz"": 8000.0, ""edge_exclude_hz"": 20000.0, ""novelty_enabled"": true, ""novelty_freq_tol_hz"": 8000.0, ""novelty_cooldown_s"": 5.0, ""novelty_score_delta"": 0.2, ""min_snr_db"": 10.0, ""min_prominence_db"": 8.0, ""local_window_bins"": 5, ""neighbor_support_db"": 4.0, ""method"": ""periodogram:hann+interp+dc_notch+edge_notch+guards+novelty+prominence""}"
7bfcabd8-74fe-47e6-af89-edddb413554f,2025-08-09T06:53:56.083872,145124574.1596589,amplitude,0.7941447385686612,medium,"Peak at 145.124574 MHz, SNR=18.9 dB, score=0.79",lite,d167de67-0cc7-4e11-b60d-aa0fb3f2d342,"{""peak_power"": 831.168212890625, ""baseline_power"": 10.749776840209961, ""bin_index"": 29715, ""fft_size"": 409600, ""interp_delta_bins"": -0.16806822049594775, ""freq_bin_hz"": 5.0, ""dc_exclude_hz"": 8000.0, ""edge_exclude_hz"": 20000.0, ""novelty_enabled"": true, ""novelty_freq_tol_hz"": 8000.0, ""novelty_cooldown_s"": 5.0, ""novelty_score_delta"": 0.2, ""min_snr_db"": 10.0, ""min_prominence_db"": 8.0, ""local_window_bins"": 5, ""neighbor_support_db"": 4.0, ""method"": ""periodogram:hann+interp+dc_notch+edge_notch+guards+novelty+prominence""}"
e0baf650-1f40-4787-a8bc-7385a17bdadc,2025-08-09T06:54:10.809212,144000017.5316047,amplitude,1.0,medium,"Peak at 144.000018 MHz, SNR=49.3 dB, score=1.00",lite,af13d4c9-007f-4db7-9c33-79b45f48e2ba,"{""peak_power"": 912446.125, ""baseline_power"": 10.606584548950195, ""bin_index"": 4804, ""fft_size"": 409600, ""interp_delta_bins"": -0.49367905745003005, ""freq_bin_hz"": 5.0, ""dc_exclude_hz"": 8000.0, ""edge_exclude_hz"": 20000.0, ""novelty_enabled"": true, ""novelty_freq_tol_hz"": 8000.0, ""novelty_cooldown_s"": 5.0, ""novelty_score_delta"": 0.2, ""min_snr_db"": 10.0, ""min_prominence_db"": 8.0, ""local_window_bins"": 5, ""neighbor_support_db"": 4.0, ""method"": ""periodogram:hann+interp+dc_notch+edge_notch+guards+novelty+prominence""}"
cb51a300-daf0-4a6b-93e1-8a88d780d1ea,2025-08-09T06:54:15.818692,144000017.53033,amplitude,1.0,medium,"Peak at 144.000018 MHz, SNR=49.4 dB, score=1.00",lite,fa6f1cdf-5595-4499-8ea9-79352939621a,"{""peak_power"": 916988.5, ""baseline_power"": 10.527824401855469, ""bin_index"": 4804, ""fft_size"": 409600, ""interp_delta_bins"": -0.49393400189559805, ""freq_bin_hz"": 5.0, ""dc_exclude_hz"": 8000.0, ""edge_exclude_hz"": 20000.0, ""novelty_enabled"": true, ""novelty_freq_tol_hz"": 8000.0, ""novelty_cooldown_s"": 5.0, ""novelty_score_delta"": 0.2, ""min_snr_db"": 10.0, ""min_prominence_db"": 8.0, ""local_window_bins"": 5, ""neighbor_support_db"": 4.0, ""method"": ""periodogram:hann+interp+dc_notch+edge_notch+guards+novelty+prominence""}"
0f64000c-46f8-4c33-8e87-5ff32786df6c,2025-08-09T06:54:21.267898,145124572.34701204,amplitude,0.8056041826208272,medium,"Peak at 145.124572 MHz, SNR=19.1 dB, score=0.81",lite,4d0eadda-aa6e-49e3-9f69-8f90aacb863a,"{""peak_power"": 884.4132080078125, ""baseline_power"": 10.850427627563477, ""bin_index"": 29714, ""fft_size"": 409600, ""interp_delta_bins"": 0.4694024101018246, ""freq_bin_hz"": 5.0, ""dc_exclude_hz"": 8000.0, ""edge_exclude_hz"": 20000.0, ""novelty_enabled"": true, ""novelty_freq_tol_hz"": 8000.0, ""novelty_cooldown_s"": 5.0, ""novelty_score_delta"": 0.2, ""min_snr_db"": 10.0, ""min_prominence_db"": 8.0, ""local_window_bins"": 5, ""neighbor_support_db"": 4.0, ""method"": ""periodogram:hann+interp+dc_notch+edge_notch+guards+novelty+prominence""}"
a6d435fa-e714-4999-82f3-1608fff3a482,2025-08-09T06:54:27.103054,145124572.47909692,amplitude,0.8538933842641919,medium,"Peak at 145.124572 MHz, SNR=20.1 dB, score=0.85",lite,3a04b232-38e0-4c8a-97d4-4b1f3f9d25cc,"{""peak_power"": 1082.0867919921875, ""baseline_power"": 10.628582000732422, ""bin_index"": 29714, ""fft_size"": 409600, ""interp_delta_bins"": 0.4958193856259088, ""freq_bin_hz"": 5.0, ""dc_exclude_hz"": 8000.0, ""edge_exclude_hz"": 20000.0, ""novelty_enabled"": true, ""novelty_freq_tol_hz"": 8000.0, ""novelty_cooldown_s"": 5.0, ""novelty_score_delta"": 0.2, ""min_snr_db"": 10.0, ""min_prominence_db"": 8.0, ""local_window_bins"": 5, ""neighbor_support_db"": 4.0, ""method"": ""periodogram:hann+interp+dc_notch+edge_notch+guards+novelty+prominence""}"
507c7ae2-86b2-4885-9ea4-5c81a9b10e4c,2025-08-09T06:54:41.211342,144000017.5199162,amplitude,1.0,medium,"Peak at 144.000018 MHz, SNR=49.4 dB, score=1.00",lite,acbf8e81-2776-4992-9c23-3248c8004192,"{""peak_power"": 917625.1875, ""baseline_power"": 10.483162879943848, ""bin_index"": 4804, ""fft_size"": 409600, ""interp_delta_bins"": -0.4960167598695406, ""freq_bin_hz"": 5.0, ""dc_exclude_hz"": 8000.0, ""edge_exclude_hz"": 20000.0, ""novelty_enabled"": true, ""novelty_freq_tol_hz"": 8000.0, ""novelty_cooldown_s"": 5.0, ""novelty_score_delta"": 0.2, ""min_snr_db"": 10.0, ""min_prominence_db"": 8.0, ""local_window_bins"": 5, ""neighbor_support_db"": 4.0, ""method"": ""periodogram:hann+interp+dc_notch+edge_notch+guards+novelty+prominence""}"
23f62941-abbd-4f6e-ae39-cf6dd6209caf,2025-08-09T06:54:46.449716,144000017.52390537,amplitude,1.0,medium,"Peak at 144.000018 MHz, SNR=49.4 dB, score=1.00",lite,8fe30589-507d-40c8-9f1d-74c12b9e8433,"{""peak_power"": 918229.4375, ""baseline_power"": 10.564176559448242, ""bin_index"": 4804, ""fft_size"": 409600, ""interp_delta_bins"": -0.4952189245727397, ""freq_bin_hz"": 5.0, ""dc_exclude_hz"": 8000.0, ""edge_exclude_hz"": 20000.0, ""novelty_enabled"": true, ""novelty_freq_tol_hz"": 8000.0, ""novelty_cooldown_s"": 5.0, ""novelty_score_delta"": 0.2, ""min_snr_db"": 10.0, ""min_prominence_db"": 8.0, ""local_window_bins"": 5, ""neighbor_support_db"": 4.0, ""method"": ""periodogram:hann+interp+dc_notch+edge_notch+guards+novelty+prominence""}"
3e858cc4-ba26-4a8b-9512-127abff5d0ac,2025-08-09T06:54:52.475863,145124568.5932522,amplitude,0.8028171439927384,medium,"Peak at 145.124569 MHz, SNR=19.1 dB, score=0.80",lite,91f2f544-1c10-4ece-bab6-53897ef61d9d,"{""peak_power"": 858.5093383789062, ""baseline_power"": 10.668681144714355, ""bin_index"": 29714, ""fft_size"": 409600, ""interp_delta_bins"": -0.2813495562320987, ""freq_bin_hz"": 5.0, ""dc_exclude_hz"": 8000.0, ""edge_exclude_hz"": 20000.0, ""novelty_enabled"": true, ""novelty_freq_tol_hz"": 8000.0, ""novelty_cooldown_s"": 5.0, ""novelty_score_delta"": 0.2, ""min_snr_db"": 10.0, ""min_prominence_db"": 8.0, ""local_window_bins"": 5, ""neighbor_support_db"": 4.0, ""method"": ""periodogram:hann+interp+dc_notch+edge_notch+guards+novelty+prominence""}"
d7956480-5d16-4b92-bdc8-fea4be776f6c,2025-08-09T06:54:57.997392,145124567.9136728,amplitude,0.7983296443670975,medium,"Peak at 145.124568 MHz, SNR=19.0 dB, score=0.80",lite,eacdfeea-d2ba-4466-999f-2b8143508bf6,"{""peak_power"": 845.611083984375, ""baseline_power"": 10.72781753540039, ""bin_index"": 29714, ""fft_size"": 409600, ""interp_delta_bins"": -0.41726544099250273, ""freq_bin_hz"": 5.0, ""dc_exclude_hz"": 8000.0, ""edge_exclude_hz"": 20000.0, ""novelty_enabled"": true, ""novelty_freq_tol_hz"": 8000.0, ""novelty_cooldown_s"": 5.0, ""novelty_score_delta"": 0.2, ""min_snr_db"": 10.0, ""min_prominence_db"": 8.0, ""local_window_bins"": 5, ""neighbor_support_db"": 4.0, ""method"": ""periodogram:hann+interp+dc_notch+edge_notch+guards+novelty+prominence""}"
ee08d276-5bad-48b0-9cb8-a2026b95f738,2025-08-09T06:55:11.513056,144000017.52701175,amplitude,1.0,medium,"Peak at 144.000018 MHz, SNR=49.6 dB, score=1.00",lite,3810e636-9f55-4b9c-a556-4ac5d515bee7,"{""peak_power"": 956585.5, ""baseline_power"": 10.598674774169922, ""bin_index"": 4804, ""fft_size"": 409600, ""interp_delta_bins"": -0.4945976517918957, ""freq_bin_hz"": 5.0, ""dc_exclude_hz"": 8000.0, ""edge_exclude_hz"": 20000.0, ""novelty_enabled"": true, ""novelty_freq_tol_hz"": 8000.0, ""novelty_cooldown_s"": 5.0, ""novelty_score_delta"": 0.2, ""min_snr_db"": 10.0, ""min_prominence_db"": 8.0, ""local_window_bins"": 5, ""neighbor_support_db"": 4.0, ""method"": ""periodogram:hann+interp+dc_notch+edge_notch+guards+novelty+prominence""}"
4673d253-c4ed-4492-844b-1cc9aec34608,2025-08-09T06:55:11.792434,144638033.6366667,amplitude,1.0,medium,"Peak at 144.638034 MHz, SNR=83.4 dB, score=1.00",lite,7a4a94ca-fcbd-4a38-90e3-fc09d520f1d4,"{""peak_power"": 2583838464.0, ""baseline_power"": 11.705140113830566, ""bin_index"": 132407, ""fft_size"": 409600, ""interp_delta_bins"": -0.27266666025958297, ""freq_bin_hz"": 5.0, ""dc_exclude_hz"": 8000.0, ""edge_exclude_hz"": 20000.0, ""novelty_enabled"": true, ""novelty_freq_tol_hz"": 8000.0, ""novelty_cooldown_s"": 5.0, ""novelty_score_delta"": 0.2, ""min_snr_db"": 10.0, ""min_prominence_db"": 8.0, ""local_window_bins"": 5, ""neighbor_support_db"": 4.0, ""method"": ""periodogram:hann+interp+dc_notch+edge_notch+guards+novelty+prominence""}"
d99794f2-9c1f-4fc1-b790-c5b8e98c1636,2025-08-09T06:55:16.774539,144000017.5346335,amplitude,1.0,medium,"Peak at 144.000018 MHz, SNR=49.5 dB, score=1.00",lite,69133962-70a4-4e52-acd4-6d80d4f7fa7e,"{""peak_power"": 945672.875, ""baseline_power"": 10.56077766418457, ""bin_index"": 4804, ""fft_size"": 409600, ""interp_delta_bins"": -0.493073300102922, ""freq_bin_hz"": 5.0, ""dc_exclude_hz"": 8000.0, ""edge_exclude_hz"": 20000.0, ""novelty_enabled"": true, ""novelty_freq_tol_hz"": 8000.0, ""novelty_cooldown_s"": 5.0, ""novelty_score_delta"": 0.2, ""min_snr_db"": 10.0, ""min_prominence_db"": 8.0, ""local_window_bins"": 5, ""neighbor_support_db"": 4.0, ""method"": ""periodogram:hann+interp+dc_notch+edge_notch+guards+novelty+prominence""}"
28be4959-cede-42c4-a3c7-10d38f0b1708,2025-08-09T06:55:18.159874,144638033.19852468,amplitude,1.0,medium,"Peak at 144.638033 MHz, SNR=82.7 dB, score=1.00",lite,77c0e254-68f2-4619-9c7e-9fdb0ddeac83,"{""peak_power"": 2774936064.0, ""baseline_power"": 14.899343490600586, ""bin_index"": 132407, ""fft_size"": 409600, ""interp_delta_bins"": -0.3602950628855112, ""freq_bin_hz"": 5.0, ""dc_exclude_hz"": 8000.0, ""edge_exclude_hz"": 20000.0, ""novelty_enabled"": true, ""novelty_freq_tol_hz"": 8000.0, ""novelty_cooldown_s"": 5.0, ""novelty_score_delta"": 0.2, ""min_snr_db"": 10.0, ""min_prominence_db"": 8.0, ""local_window_bins"": 5, ""neighbor_support_db"": 4.0, ""method"": ""periodogram:hann+interp+dc_notch+edge_notch+guards+novelty+prominence""}"
391da8e1-2e3c-458e-b803-46bd794e5b1f,2025-08-09T06:55:21.785405,145124566.74863574,amplitude,0.8077961540611269,medium,"Peak at 145.124567 MHz, SNR=19.2 dB, score=0.81",lite,b1c1855f-4317-42eb-82d9-133c74d16e68,"{""peak_power"": 887.4703369140625, ""baseline_power"": 10.778579711914062, ""bin_index"": 29713, ""fft_size"": 409600, ""interp_delta_bins"": 0.3497271453768571, ""freq_bin_hz"": 5.0, ""dc_exclude_hz"": 8000.0, ""edge_exclude_hz"": 20000.0, ""novelty_enabled"": true, ""novelty_freq_tol_hz"": 8000.0, ""novelty_cooldown_s"": 5.0, ""novelty_score_delta"": 0.2, ""min_snr_db"": 10.0, ""min_prominence_db"": 8.0, ""local_window_bins"": 5, ""neighbor_support_db"": 4.0, ""method"": ""periodogram:hann+interp+dc_notch+edge_notch+guards+novelty+prominence""}"
6fcb14f3-33cf-47a8-83df-58dc14550d1d,2025-08-09T06:57:12.972069,144872000.1112769,amplitude,0.8569965136999584,medium,"Peak at 144.872000 MHz, SNR=20.1 dB, score=0.86",full,5b07c7a3-093e-4ffb-943b-654f275e72bf,"{""peak_power"": 218.37069702148438, ""baseline_power"": 2.114469051361084, ""bin_index"": 96000, ""fft_size"": 256000, ""interp_delta_bins"": 0.027819221416271366, ""freq_bin_hz"": 4.0, ""dc_exclude_hz"": 8000.0, ""edge_exclude_hz"": 20000.0, ""novelty_enabled"": false, ""novelty_freq_tol_hz"": 5000.0, ""novelty_cooldown_s"": 5.0, ""novelty_score_delta"": 0.15, ""min_snr_db"": 10.0, ""min_prominence_db"": 8.0, ""local_window_bins"": 5, ""neighbor_support_db"": 4.0, ""method"": ""periodogram:hann+interp+dc_notch+edge_notch+guards+novelty+prominence""}"
253d087f-e323-4825-bbb1-61c8d62b3af6,2025-08-09T06:57:27.348231,145128000.37259227,amplitude,0.841113778824387,medium,"Peak at 145.128000 MHz, SNR=19.8 dB, score=0.84",full,240edd77-127c-4b87-8317-97f37142e30f,"{""peak_power"": 222.11956787109375, ""baseline_power"": 2.3139781951904297, ""bin_index"": 160000, ""fft_size"": 256000, ""interp_delta_bins"": 0.09314806993364529, ""freq_bin_hz"": 4.0, ""dc_exclude_hz"": 8000.0, ""edge_exclude_hz"": 20000.0, ""novelty_enabled"": false, ""novelty_freq_tol_hz"": 5000.0, ""novelty_cooldown_s"": 5.0, ""novelty_score_delta"": 0.15, ""min_snr_db"": 10.0, ""min_prominence_db"": 8.0, ""local_window_bins"": 5, ""neighbor_support_db"": 4.0, ""method"": ""periodogram:hann+interp+dc_notch+edge_notch+guards+novelty+prominence""}"
64dd6fe7-1412-4990-972b-292c054061aa,2025-08-09T06:57:36.932825,144871999.52116567,amplitude,0.8143863264223856,medium,"Peak at 144.872000 MHz, SNR=19.3 dB, score=0.81",full,b7448fca-e7b2-468a-8081-1fd9504decfb,"{""peak_power"": 196.34071350097656, ""baseline_power"": 2.31333065032959, ""bin_index"": 96000, ""fft_size"": 256000, ""interp_delta_bins"": -0.11970858022781927, ""freq_bin_hz"": 4.0, ""dc_exclude_hz"": 8000.0, ""edge_exclude_hz"": 20000.0, ""novelty_enabled"": false, ""novelty_freq_tol_hz"": 5000.0, ""novelty_cooldown_s"": 5.0, ""novelty_score_delta"": 0.15, ""min_snr_db"": 10.0, ""min_prominence_db"": 8.0, ""local_window_bins"": 5, ""neighbor_support_db"": 4.0, ""method"": ""periodogram:hann+interp+dc_notch+edge_notch+guards+novelty+prominence""}"
a9955387-86e5-4ebb-ad59-8bc742582605,2025-08-09T06:57:47.112660,145127999.58596095,amplitude,0.8444456983463622,medium,"Peak at 145.128000 MHz, SNR=19.9 dB, score=0.84",full,52e765ec-6ceb-4f71-915f-c93273f7c00b,"{""peak_power"": 225.9578094482422, ""baseline_power"": 2.318120241165161, ""bin_index"": 160000, ""fft_size"": 256000, ""interp_delta_bins"": -0.10350976075004671, ""freq_bin_hz"": 4.0, ""dc_exclude_hz"": 8000.0, ""edge_exclude_hz"": 20000.0, ""novelty_enabled"": false, ""novelty_freq_tol_hz"": 5000.0, ""novelty_cooldown_s"": 5.0, ""novelty_score_delta"": 0.15, ""min_snr_db"": 10.0, ""min_prominence_db"": 8.0, ""local_window_bins"": 5, ""neighbor_support_db"": 4.0, ""method"": ""periodogram:hann+interp+dc_notch+edge_notch+guards+novelty+prominence""}"
